{"-9137326182588096574": {"type": "basic", "x": -2119.9444344163376, "y": 2642.5215102927327, "home": "sitex", "id": "-9137326182588096574", "speed": 0, "turnRate": 0, "maxTurnRate": 1, "heading": 180.0}, "-9068112421284693912": {"type": "basic", "x": -1967.7786490550852, "y": 2377.787503507304, "home": "sitex", "id": "-9068112421284693912", "speed": 0, "turnRate": 0, "maxTurnRate": 1, "heading": 300.0}, "-7307846785366894326": {"type": "basic", "x": -2275.0424994793566, "y": 2376.0945510321494, "home": "sitex", "id": "-7307846785366894326", "speed": 0, "turnRate": 0, "maxTurnRate": 1, "heading": 60.0}}