{"-8638640707685565657": {"type": "basic", "x": -3399.6259855732515, "y": -2827.2439050451667, "home": "dffep", "id": "-8638640707685565657", "speed": 0, "turnRate": 0, "maxTurnRate": 1, "heading": 180.0}, "-8004462282377251911": {"type": "basic", "x": -3241.794429397289, "y": -2933.2838828540634, "home": "dffep", "id": "-8004462282377251911", "speed": 0, "turnRate": 0, "maxTurnRate": 1, "heading": 252.0}, "-7051856749979210946": {"type": "basic", "x": -3310.7843923066303, "y": -3106.846426900755, "home": "dffep", "id": "-7051856749979210946", "speed": 0, "turnRate": 0, "maxTurnRate": 1, "heading": 324.0}, "-3367054479343471917": {"type": "basic", "x": -3500.1816015705904, "y": -3122.9693960033032, "home": "dffep", "id": "-3367054479343471917", "speed": 0, "turnRate": 0, "maxTurnRate": 1, "heading": 36.0}, "-488428801861932426": {"type": "basic", "x": -3557.7153421557123, "y": -2933.200118424295, "home": "dffep", "id": "-488428801861932426", "speed": 0, "turnRate": 0, "maxTurnRate": 1, "heading": 108.0}}