{"-7906977991885815212": {"type": "basic", "x": -3005.3466924130544, "y": 5074.925529870261, "home": "thara", "id": "-7906977991885815212", "speed": 0, "turnRate": 0, "maxTurnRate": 1, "heading": 180.0}, "-8617390863876755203": {"type": "basic", "x": -2862.8175348959367, "y": 4819.044471349695, "home": "thara", "id": "-8617390863876755203", "speed": 0, "turnRate": 0, "maxTurnRate": 1, "heading": 300.0}, "-6731609425566867016": {"type": "basic", "x": -3150.2726605125654, "y": 4817.660672114754, "home": "thara", "id": "-6731609425566867016", "speed": 0, "turnRate": 0, "maxTurnRate": 1, "heading": 60.0}}