{"-7069417706485169489": {"type": "basic", "x": 238.8310034413865, "y": -3937.155459060949, "home": "inaso", "id": "-7069417706485169489", "speed": 0, "turnRate": 0, "maxTurnRate": 1, "heading": 180.0}, "-2716522899907707588": {"type": "basic", "x": 392.53288705181785, "y": -4175.910914681257, "home": "inaso", "id": "-2716522899907707588", "speed": 0, "turnRate": 0, "maxTurnRate": 1, "heading": 300.0}, "-2099160421903564056": {"type": "basic", "x": 98.56337286958609, "y": -4168.154645073042, "home": "inaso", "id": "-2099160421903564056", "speed": 0, "turnRate": 0, "maxTurnRate": 1, "heading": 60.0}}