{"-4978111812670361841": {"type": "basic", "x": 2717.2999669230203, "y": 2197.205957068301, "home": "thexc", "id": "-4978111812670361841", "speed": 0, "turnRate": 0, "maxTurnRate": 1, "heading": 180.0}, "-1985836625347242376": {"type": "basic", "x": 2872.27341331609, "y": 2080.320643010321, "home": "thexc", "id": "-1985836625347242376", "speed": 0, "turnRate": 0, "maxTurnRate": 1, "heading": 252.0}, "-7877116176588446157": {"type": "basic", "x": 2806.758870253272, "y": 1906.8371007151818, "home": "thexc", "id": "-7877116176588446157", "speed": 0, "turnRate": 0, "maxTurnRate": 1, "heading": 324.0}, "-6951774430402135140": {"type": "basic", "x": 2613.5038341974146, "y": 1887.1035973857681, "home": "thexc", "id": "-6951774430402135140", "speed": 0, "turnRate": 0, "maxTurnRate": 1, "heading": 36.0}, "-8192683178887919334": {"type": "basic", "x": 2555.082449908161, "y": 2082.674384236243, "home": "thexc", "id": "-8192683178887919334", "speed": 0, "turnRate": 0, "maxTurnRate": 1, "heading": 108.0}}